-- MySQL dump 10.14  Distrib 5.5.68-MariaDB, for Linux (x86_64)
--
-- Host: localhost    Database: 1_IPP
-- ------------------------------------------------------
-- Server version	5.5.68-MariaDB

/*!40101 SET @OLD_CHARACTER_SET_CLIENT=@@CHARACTER_SET_CLIENT */;
/*!40101 SET @OLD_CHARACTER_SET_RESULTS=@@CHARACTER_SET_RESULTS */;
/*!40101 SET @OLD_COLLATION_CONNECTION=@@COLLATION_CONNECTION */;
/*!40101 SET NAMES utf8 */;
/*!40103 SET @OLD_TIME_ZONE=@@TIME_ZONE */;
/*!40103 SET TIME_ZONE='+00:00' */;
/*!40014 SET @OLD_UNIQUE_CHECKS=@@UNIQUE_CHECKS, UNIQUE_CHECKS=0 */;
/*!40014 SET @OLD_FOREIGN_KEY_CHECKS=@@FOREIGN_KEY_CHECKS, FOREIGN_KEY_CHECKS=0 */;
/*!40101 SET @OLD_SQL_MODE=@@SQL_MODE, SQL_MODE='NO_AUTO_VALUE_ON_ZERO' */;
/*!40111 SET @OLD_SQL_NOTES=@@SQL_NOTES, SQL_NOTES=0 */;

--
-- Table structure for table `GACHON_CLASS`
--

DROP TABLE IF EXISTS `GACHON_CLASS`;
/*!40101 SET @saved_cs_client     = @@character_set_client */;
/*!40101 SET character_set_client = utf8 */;
CREATE TABLE `GACHON_CLASS` (
  `class_id` int(11) NOT NULL,
  `class_course_number` char(10) NOT NULL,
  `class_lect_id` int(11) NOT NULL,
  `class_std_seq` int(11) NOT NULL,
  PRIMARY KEY (`class_id`),
  KEY `FK_GACHONLECTURE_LECTUREID_GACHONCLASS_CLASSLECTID` (`class_lect_id`),
  KEY `FK_GACHONSTD_STDSEQ_GACHONCLASS_CLASSSTDSEQ` (`class_std_seq`),
  CONSTRAINT `FK_GACHONSTD_STDSEQ_GACHONCLASS_CLASSSTDSEQ` FOREIGN KEY (`class_std_seq`) REFERENCES `GACHON_STD` (`std_seq`) ON DELETE CASCADE ON UPDATE CASCADE,
  CONSTRAINT `FK_GACHONLECTURE_LECTUREID_GACHONCLASS_CLASSLECTID` FOREIGN KEY (`class_lect_id`) REFERENCES `GACHON_LECTURE` (`lecture_id`) ON UPDATE CASCADE
) ENGINE=InnoDB DEFAULT CHARSET=utf8;
/*!40101 SET character_set_client = @saved_cs_client */;

--
-- Dumping data for table `GACHON_CLASS`
--

LOCK TABLES `GACHON_CLASS` WRITE;
/*!40000 ALTER TABLE `GACHON_CLASS` DISABLE KEYS */;
INSERT INTO `GACHON_CLASS` VALUES (9,'4859208493',6872,8203),(4046,'3281914678',3393,7121),(4290,'3748395932',4779,7568),(5015,'1234567890',5505,7568),(5900,'1234567890',9164,8203),(6839,'4829105826',3842,7121),(7460,'1234567890',4306,7121),(8795,'1929475802',7503,7121),(9552,'3829586939',8303,7568),(9606,'0291923870',3357,7568);
/*!40000 ALTER TABLE `GACHON_CLASS` ENABLE KEYS */;
UNLOCK TABLES;

--
-- Table structure for table `GACHON_CLASSROOM`
--

DROP TABLE IF EXISTS `GACHON_CLASSROOM`;
/*!40101 SET @saved_cs_client     = @@character_set_client */;
/*!40101 SET character_set_client = utf8 */;
CREATE TABLE `GACHON_CLASSROOM` (
  `classroom_id` int(11) NOT NULL,
  `lecture_name` varchar(35) NOT NULL,
  PRIMARY KEY (`classroom_id`)
) ENGINE=InnoDB DEFAULT CHARSET=utf8;
/*!40101 SET character_set_client = @saved_cs_client */;

--
-- Dumping data for table `GACHON_CLASSROOM`
--

LOCK TABLES `GACHON_CLASSROOM` WRITE;
/*!40000 ALTER TABLE `GACHON_CLASSROOM` DISABLE KEYS */;
INSERT INTO `GACHON_CLASSROOM` VALUES (228,'205호'),(768,'225'),(2367,'325'),(2691,'101호'),(4112,'P120'),(4647,'301호'),(6776,'125'),(7123,'401호'),(8251,'425'),(8295,'P121');
/*!40000 ALTER TABLE `GACHON_CLASSROOM` ENABLE KEYS */;
UNLOCK TABLES;

--
-- Table structure for table `GACHON_LECTURE`
--

DROP TABLE IF EXISTS `GACHON_LECTURE`;
/*!40101 SET @saved_cs_client     = @@character_set_client */;
/*!40101 SET character_set_client = utf8 */;
CREATE TABLE `GACHON_LECTURE` (
  `lecture_id` int(11) NOT NULL,
  `lecture_name` varchar(40) NOT NULL,
  `lecture_day` varchar(2) DEFAULT NULL,
  `lecture_time` int(11) DEFAULT NULL,
  `lecture_classroom_id` int(11) NOT NULL,
  `lecture_prof_id` int(11) NOT NULL,
  PRIMARY KEY (`lecture_id`),
  KEY `FK_GACHONCLASSROOM_CLASSROOMID_GACHONLECTURE_LECTURECLASSROOMID` (`lecture_classroom_id`),
  KEY `FK_GACHONPROFESSOR_PROFID_GACHONLECTURE_LECTUREPROFID` (`lecture_prof_id`),
  CONSTRAINT `FK_GACHONPROFESSOR_PROFID_GACHONLECTURE_LECTUREPROFID` FOREIGN KEY (`lecture_prof_id`) REFERENCES `GACHON_PROFESSOR` (`prof_id`) ON UPDATE CASCADE,
  CONSTRAINT `FK_GACHONCLASSROOM_CLASSROOMID_GACHONLECTURE_LECTURECLASSROOMID` FOREIGN KEY (`lecture_classroom_id`) REFERENCES `GACHON_CLASSROOM` (`classroom_id`) ON UPDATE CASCADE
) ENGINE=InnoDB DEFAULT CHARSET=utf8;
/*!40101 SET character_set_client = @saved_cs_client */;

--
-- Dumping data for table `GACHON_LECTURE`
--

LOCK TABLES `GACHON_LECTURE` WRITE;
/*!40000 ALTER TABLE `GACHON_LECTURE` DISABLE KEYS */;
INSERT INTO `GACHON_LECTURE` VALUES (3357,'N03','WE',5,2691,9685),(3393,'N02','MO',1,768,4957),(3842,'N04','TH',4,8251,6487),(4306,'N01','WE',3,6776,8493),(4779,'N04','TH',4,7123,1668),(5505,'N01','TU',2,228,4309),(6872,'N0102','TU',1,8295,2660),(7503,'N03','TU',2,2367,1226),(8303,'N02','MO',1,4647,332),(9164,'N0101','MO',3,4112,4898);
/*!40000 ALTER TABLE `GACHON_LECTURE` ENABLE KEYS */;
UNLOCK TABLES;

--
-- Table structure for table `GACHON_MAJOR`
--

DROP TABLE IF EXISTS `GACHON_MAJOR`;
/*!40101 SET @saved_cs_client     = @@character_set_client */;
/*!40101 SET character_set_client = utf8 */;
CREATE TABLE `GACHON_MAJOR` (
  `m_code` varchar(4) NOT NULL,
  `m_name` varchar(20) DEFAULT NULL,
  PRIMARY KEY (`m_code`)
) ENGINE=InnoDB DEFAULT CHARSET=utf8;
/*!40101 SET character_set_client = @saved_cs_client */;

--
-- Dumping data for table `GACHON_MAJOR`
--

LOCK TABLES `GACHON_MAJOR` WRITE;
/*!40000 ALTER TABLE `GACHON_MAJOR` DISABLE KEYS */;
INSERT INTO `GACHON_MAJOR` VALUES ('IT01','컴퓨터공학과'),('S001','컴공학'),('S101','행정학'),('S202','관현악');
/*!40000 ALTER TABLE `GACHON_MAJOR` ENABLE KEYS */;
UNLOCK TABLES;

--
-- Table structure for table `GACHON_MEMBER`
--

DROP TABLE IF EXISTS `GACHON_MEMBER`;
/*!40101 SET @saved_cs_client     = @@character_set_client */;
/*!40101 SET character_set_client = utf8 */;
CREATE TABLE `GACHON_MEMBER` (
  `member_id` varchar(100) NOT NULL,
  `member_pw` varchar(100) NOT NULL,
  `member_seq_no` int(11) NOT NULL,
  PRIMARY KEY (`member_id`),
  KEY `FK_GACHONSTD_STDSEQ_GACHONMEMBER_MEMBERSEQNO` (`member_seq_no`),
  CONSTRAINT `FK_GACHONSTD_STDSEQ_GACHONMEMBER_MEMBERSEQNO` FOREIGN KEY (`member_seq_no`) REFERENCES `GACHON_STD` (`std_seq`) ON DELETE CASCADE ON UPDATE CASCADE
) ENGINE=InnoDB DEFAULT CHARSET=utf8;
/*!40101 SET character_set_client = @saved_cs_client */;

--
-- Dumping data for table `GACHON_MEMBER`
--

LOCK TABLES `GACHON_MEMBER` WRITE;
/*!40000 ALTER TABLE `GACHON_MEMBER` DISABLE KEYS */;
INSERT INTO `GACHON_MEMBER` VALUES ('aaaa','b5ec22237294474bdbe996bbb80b61c8:18196e9eadef65b1ff86077ccca30b3c',8203),('bbbb','b5ec22237294474bdbe996bbb80b61c8:95aee0215b51f88abe2c4fb5aabff709',7568),('cccc','b5ec22237294474bdbe996bbb80b61c8:bf177f04faeb6627182a4d797f2dfd31',7121);
/*!40000 ALTER TABLE `GACHON_MEMBER` ENABLE KEYS */;
UNLOCK TABLES;

--
-- Table structure for table `GACHON_PROFESSOR`
--

DROP TABLE IF EXISTS `GACHON_PROFESSOR`;
/*!40101 SET @saved_cs_client     = @@character_set_client */;
/*!40101 SET character_set_client = utf8 */;
CREATE TABLE `GACHON_PROFESSOR` (
  `prof_id` int(11) NOT NULL,
  `prof_name` varchar(100) DEFAULT NULL,
  PRIMARY KEY (`prof_id`)
) ENGINE=InnoDB DEFAULT CHARSET=utf8;
/*!40101 SET character_set_client = @saved_cs_client */;

--
-- Dumping data for table `GACHON_PROFESSOR`
--

LOCK TABLES `GACHON_PROFESSOR` WRITE;
/*!40000 ALTER TABLE `GACHON_PROFESSOR` DISABLE KEYS */;
INSERT INTO `GACHON_PROFESSOR` VALUES (332,'08c663c53da57af710fe18591d61cca0:0d5043e1c1dbc3835ba172258a32d11b'),(1226,'6229d5bdb2313ceb032aa8a81b147b98:9c512560191f12ad27e547e8419adbf3'),(1668,'08c663c53da57af710fe18591d61cca0:94e79338c1c0398dc2cb4870756bef75'),(2660,'3fcc68c5f67122ea5aa07749f20c5a38:4ff0b555913d7750911736932bdde936'),(4309,'08c663c53da57af710fe18591d61cca0:148484cc9bb2d24aa183958957dc3e29'),(4898,'3fcc68c5f67122ea5aa07749f20c5a38:50b7dbfbcbb9b6ffbeda34eba182e6bf'),(4957,'6229d5bdb2313ceb032aa8a81b147b98:14c5e0becc240afd0e5d23e201441478'),(6487,'6229d5bdb2313ceb032aa8a81b147b98:b4bedb2d68637f0bd78847e45e6305ef'),(8493,'6229d5bdb2313ceb032aa8a81b147b98:5bc0900d0770fb8b812f6e66a45ed182'),(9685,'08c663c53da57af710fe18591d61cca0:a180470cc0537a8095d009e75fc0a7dc');
/*!40000 ALTER TABLE `GACHON_PROFESSOR` ENABLE KEYS */;
UNLOCK TABLES;

--
-- Table structure for table `GACHON_STD`
--

DROP TABLE IF EXISTS `GACHON_STD`;
/*!40101 SET @saved_cs_client     = @@character_set_client */;
/*!40101 SET character_set_client = utf8 */;
CREATE TABLE `GACHON_STD` (
  `std_name` varchar(100) DEFAULT NULL,
  `std_unive` varchar(30) NOT NULL,
  `std_dept` varchar(20) DEFAULT NULL,
  `std_no` varchar(100) DEFAULT NULL,
  `std_seq` int(11) NOT NULL,
  PRIMARY KEY (`std_seq`),
  KEY `fk_std_dept` (`std_dept`),
  CONSTRAINT `fk_std_dept` FOREIGN KEY (`std_dept`) REFERENCES `GACHON_MAJOR` (`m_code`) ON DELETE CASCADE ON UPDATE CASCADE
) ENGINE=InnoDB DEFAULT CHARSET=utf8;
/*!40101 SET character_set_client = @saved_cs_client */;

--
-- Dumping data for table `GACHON_STD`
--

LOCK TABLES `GACHON_STD` WRITE;
/*!40000 ALTER TABLE `GACHON_STD` DISABLE KEYS */;
INSERT INTO `GACHON_STD` VALUES ('6229d5bdb2313ceb032aa8a81b147b98:4558ee9a5a7b90b7a6ec939a522e9307','C','S202','6229d5bdb2313ceb032aa8a81b147b98:f36e9a8f58884491d29509eadc2bc837',7121),('26dc2591436fa2af77eb382c3f46fafc:4c8faacfb9e99521e4bba04d87eb8877','B','IT01','08c663c53da57af710fe18591d61cca0:d322d1703dabcc74b20fc7fe35321777',7568),('ad5aa1ea46e858e76a966c2dd0a92a1d:f8f57def3aef4881df15042922bb2876','A','S001','3fcc68c5f67122ea5aa07749f20c5a38:61d3168ab840a3db1276de4381e58d2c',8203);
/*!40000 ALTER TABLE `GACHON_STD` ENABLE KEYS */;
UNLOCK TABLES;

/*!40103 SET TIME_ZONE=@OLD_TIME_ZONE */;

/*!40101 SET SQL_MODE=@OLD_SQL_MODE */;
/*!40014 SET FOREIGN_KEY_CHECKS=@OLD_FOREIGN_KEY_CHECKS */;
/*!40014 SET UNIQUE_CHECKS=@OLD_UNIQUE_CHECKS */;
/*!40101 SET CHARACTER_SET_CLIENT=@OLD_CHARACTER_SET_CLIENT */;
/*!40101 SET CHARACTER_SET_RESULTS=@OLD_CHARACTER_SET_RESULTS */;
/*!40101 SET COLLATION_CONNECTION=@OLD_COLLATION_CONNECTION */;
/*!40111 SET SQL_NOTES=@OLD_SQL_NOTES */;

-- Dump completed on 2022-06-06 10:12:04